{
  "shuffleOne (vdom)": {
    "ops": 51005.44182425758,
    "ms": 0.01960575115583867
  },
  "shuffleOne (preact)": {
    "ops": 33607.85429709733,
    "ms": 0.029754949279412014
  },
  "shuffleAll (vdom)": {
    "ops": 40633.77374083515,
    "ms": 0.024610069603135186
  },
  "shuffleAll (preact)": {
    "ops": 31999.67484963733,
    "ms": 0.031250317532877485
  },
  "shuffleHuge (vdom)": {
    "ops": 3389.121338908221,
    "ms": 0.2950617283954024
  },
  "shuffleHuge (preact)": {
    "ops": 2040.3022669982643,
    "ms": 0.4901234567911455
  }
}
