{
  "shuffleOne (vdom)": {
    "ops": 6102.395501214957,
    "ms": 0.1638700736130434
  },
  "shuffleOne (preact)": {
    "ops": 6209.023637838414,
    "ms": 0.1610559176978969
  },
  "shuffleAll (vdom)": {
    "ops": 4143.698923895272,
    "ms": 0.241330274801904
  },
  "shuffleAll (preact)": {
    "ops": 5718.636644665044,
    "ms": 0.17486685413610026
  }
}
